"0","
# load python libraries
#%matplotlib inline
import pandas
#import pandas as pd
#import numpy as np
#from scipy import stats
#import matplotlib.pyplot as plt
#import seaborn as sns
#import json
#from pandas.io.json import json_normalize
#from wordcloud import WordCloud, STOPWORDS


"
"2","Traceback (most recent call last):
  File ""C:\Users\Faizan\AppData\Local\Temp\RtmpiYBUme\chunk-code-17201b0f5efa.txt"", line 4, in <module>
    import pandas
ModuleNotFoundError: No module named 'pandas'
"
